,ID,Tissue.Qty,Plate,Plate.Row,Plate.Col,Pos,Red,Yellow,Venation,AvgLat,AvgLong,AvgAlt,Notes
1,pa0212,NA,8,H,8,8H8,0.5,2.5,2.5,42.32148851,2.07094309,1203.450667,
2,pa0212,NA,8,H,8,8H8,0.5,2.5,2.5,42.32148851,2.07094309,1203.450667,
3,pa0291,NA,8,B,9,8B9,3,2.5,3,42.32331711,2.076884631,1191.85,
4,pa0299,NA,8,C,9,8C9,4,1,3,42.32323617,2.076638022,1196.577,
5,pa0323,NA,8,D,9,8D9,4,1.5,3.5,42.32286876,2.075416951,1193.874,
6,pa0330,NA,8,E,9,8.00E+09,1.5,2,2.5,42.32278485,2.074664251,1194.393,
7,pa0333,NA,8,F,9,8F9,0.5,2,1,42.32293831,2.07565908,1190.911,
8,pa0343,NA,8,H,9,8H9,3.5,1,3,42.32263173,2.073950049,1196.066333,
9,pa0344,NA,8,A,10,8A10,2,2.5,3,42.32188937,2.072233139,1197.816,
10,pa0349,NA,8,B,10,8B10,0.5,2.5,1.5,42.32174469,2.071770901,1202.768333,
11,pa0350,NA,8,C,10,8C10,0.5,1,3,42.32183537,2.072189097,1197.82,
12,pa0356,NA,8,D,10,8D10,1.5,1,1.5,42.32182893,2.072051504,1201.241333,
13,pa0447,NA,8,E,10,8.00E+10,1.5,1,2,42.32220745,2.072938618,1201.621,
14,pa0460,NA,8,G,10,8G10,2.5,2.5,2,42.32292659,2.07551709,1204.654,
15,pa0666,NA,8,H,10,8H10,0.5,3,1.5,42.32174356,2.071785385,1203.074333,
16,pa0760,NA,8,A,11,8A11,4,2.5,3.5,42.32272356,2.074257019,1208.321,
17,pa0981,NA,8,B,11,8B11,0.5,1,1.5,42.32285166,2.075429422,1193.093,
18,pa0986,NA,8,C,11,8C11,3.5,1,3.5,42.32364571,2.079837309,1186.243667,
19,pa0994,NA,8,D,11,8D11,2,1,2.5,42.32359992,2.079216759,1189.001667,
20,pa0998,NA,8,E,11,8.00E+11,2,1,2,42.32359445,2.079091685,1185.568667,
21,pa0999,NA,8,F,11,8F11,1,0.5,1.5,42.32364516,2.079559666,1184.259333,
22,pa1168,NA,8,H,11,8H11,4,0.5,3.5,42.32356367,2.081125286,1231.477333,
23,pa1179,NA,8,A,12,8A12,0.5,0.5,na,42.32363475,2.080387859,1187.723,
24,pa1282,1,9,E,4,9.00E+04,3.5,0.5,3,42.32287491,2.075551131,1191.304333,
25,pa1291,NA,8,B,12,8B12,4,1,4,42.3228414,2.075840204,1203.541,
26,pa1308,NA,8,C,12,8C12,3,0.5,3.5,42.32710707,2.076369546,1374.712667,
27,pa1321,1,8,D,12,8D12,0.5,2,3,42.32275498,2.074257157,1217.66,
28,pa1799,NA,8,E,12,8.00E+12,0.5,2.5,1.5,42.3217426,2.07178748,1203.436,
29,pa1851,1,8,G,12,8G12,1.5,2,2.5,42.3227562,2.074318029,1199.595,
30,pa1854,NA,9,A,1,9A1,4,0.5,3,42.32344972,2.077741816,1187.908,
31,pa1858,NA,9,B,1,9B1,4,1,3,42.32320116,2.076544583,1199.843,
32,pa1896,NA,9,C,1,9C1,3,1.5,3.5,42.32369935,2.079928631,1192.790333,
33,pa1904,NA,9,D,1,9D1,4,0.5,3.5,42.32367797,2.081057365,1206.933667,
34,pa1943,NA,9,F,1,9F1,4,1,3.5,42.32371657,2.081465279,1180.03,
35,pa1945,NA,9,G,1,9G1,4,1,3.5,42.32377024,2.081710185,1191.148333,
36,pa2389,NA,9,B,2,9B2,1.5,0.5,2.5,42.32287999,2.075454994,1193.804,
37,pa2400,NA,9,F,2,9F2,3.5,2,3.5,42.32324071,2.076728785,1199.461,
38,pa2417,NA,9,G,2,9G2,4,1,3.5,42.32352977,2.078411349,1184.705,
39,pa2468,NA,9,H,2,9H2,0.5,0.5,2.5,42.32200352,2.072535325,1208.69575,
40,pa2477,NA,9,B,3,9B3,1.5,2.5,2.5,42.32213691,2.072647658,1202.645333,
41,pa2478,NA,9,C,3,9C3,4,2.5,3.5,42.32208165,2.07267513,1201.124333,
42,pa2483,NA,9,D,3,9D3,0.5,1.5,3,42.32220293,2.072780195,1204.092667,
43,pa2484,NA,9,E,3,9.00E+03,2,2.5,3.5,42.32232956,2.073215216,1204.692333,
44,pa2485,NA,9,F,3,9F3,2,2,0.5,42.32223086,2.072852351,1200.207,
45,pa2486,NA,9,G,3,9G3,2,1.5,3.5,42.3222006,2.072760392,1200.686,
46,pa2495,NA,9,H,3,9H3,1.5,2.5,3.5,42.32268762,2.074058552,1196.14,
47,pa2499,NA,9,A,4,9A4,2.5,2.5,3.5,42.32241478,2.073311128,1197.120667,
48,pa2514,NA,9,B,4,9B4,0.5,1,1,42.32290002,2.075427472,1194.627,
49,pa2520,NA,9,C,4,9C4,0.5,2.5,2.5,42.32285716,2.075091065,1200.24,
50,pa2530,NA,9,D,4,9D4,0.5,2.5,1.5,42.32161491,2.070709785,1200.305667,
51,pb0001,1,1,A,1,1A1,2.5,0.5,4,42.32315954,2.076911966,1187.324,
52,pb0002,NA,1,B,1,1B1,0.5,1,1,42.32320216,2.077799865,1183.638,
53,pb0003,NA,1,C,1,1C1,4,0.5,3,42.32326156,2.076829638,1196.708,
54,pb0005,NA,1,E,1,1.00E+01,3.5,1,3.5,42.32335453,2.076913425,1187.52,
55,pb0006,NA,1,F,1,1F1,3.5,0.5,3,42.32324707,2.076791382,1207.302,
56,pb0009,NA,1,A,2,1A2,1.5,2,2,42.3232578,2.07668735,1183.679,
57,pb0010,NA,1,B,2,1B2,2,1.5,3.5,42.32328747,2.076750187,1188.487,
58,pb0011,NA,1,C,2,1C2,4,0.5,3,42.32332424,2.076873316,1191.896,
59,pb0012,NA,1,D,2,1D2,2,2,3.5,42.32327456,2.076690648,1184.095,
60,pb0013,NA,1,E,2,1.00E+02,4,2.5,3,42.32328473,2.076731015,1192.745,
61,pb0014,NA,1,F,2,1F2,3,2.5,3.5,42.32334641,2.076931147,1188.155,
62,pb0015,NA,1,G,2,1G2,3.5,0.5,3,42.32329306,2.076901204,1194.095,
63,pb0016,NA,1,H,2,1H2,2,2.5,3.5,42.32325995,2.076892099,1195.475,
64,pb0017,NA,1,A,3,1A3,2,1.5,3,42.32345688,2.077687472,1188.76,
65,pb0019,NA,1,C,3,1C3,0.5,2.5,2.5,42.323278,2.076735052,1186.293,
66,pb0020,NA,1,D,3,1D3,2.5,1,3,42.32330559,2.076873774,1193.615,
67,pb0021,NA,1,E,3,1.00E+03,2,0.5,1.5,42.32326816,2.076786358,1187.083,
68,pb0024,NA,1,H,3,1H3,4,1,3.5,42.32336262,2.076913134,1188.202,
69,pb0026,NA,1,B,4,1B4,3,1,1.6,42.32325382,2.076721312,1199.258,
70,pb0027,NA,1,C,4,1C4,3,1,3.5,42.32347249,2.077784844,1187.75,
71,pb0028,NA,1,D,4,1D4,1.5,1,3,42.32338231,2.077660479,1189.333,
72,pb0029,1,1,E,4,1.00E+04,3,1,3.5,42.3234839,2.078052314,1183.971,
73,pb0030,NA,1,F,4,1F4,2,2.5,3.5,42.32334838,2.076936291,1188.329,
74,pb0031,NA,1,G,4,1G4,0.5,2.5,3,42.32326694,2.076734201,1194.626,
75,pb0032,NA,1,H,4,1H4,3.5,0.5,3,42.32346248,2.07763017,1188.881,
76,pb0033,NA,1,A,5,1A5,3.5,1.5,3.5,42.32346222,2.078042915,1182.566,
77,pb0034,NA,1,B,5,1B5,2.5,2.5,1.5,42.32328886,2.076912991,1191.108,
78,pb0036,NA,1,D,5,1D5,2,1,4,42.32340317,2.07728954,1188.069,
79,pb0037,NA,1,E,5,1.00E+05,2.5,0.5,1.5,42.32326707,2.076737732,1200.143,
80,pb0039,NA,1,G,5,1G5,4,1.5,3.5,42.32327019,2.076705459,1172.789,
81,pb0040,NA,1,H,5,1H5,4,1,3.5,42.32338538,2.076928704,1187.458,
82,pb0041,NA,1,A,6,1A6,3.5,2.5,3,42.32337099,2.076885421,1187.107,
83,pb0042,NA,1,B,6,1B6,2,2.5,3,42.32333492,2.076940003,1188.148,
84,pb0044,NA,1,D,6,1D6,3.5,1,3,42.32335396,2.076890341,1187.297,
85,pb0045,NA,1,E,6,1.00E+06,4,0.5,3.5,42.32328671,2.076839115,1197.481,
86,pb0046,NA,1,F,6,1F6,3.5,1.5,3.5,42.32326492,2.076818189,1203.808,
87,pb0051,NA,1,B,7,1B7,3,1,3,42.32311149,2.076269723,1195.442,
88,pb0052,NA,1,C,7,1C7,3.5,1,3.5,42.3231626,2.076369637,1198.541,
89,pb0053,NA,1,D,7,1D7,0.5,1,1.5,42.32293731,2.075721669,1180.433,
90,pb0054,NA,1,E,7,1.00E+07,3.5,2,4,42.32296378,2.075867713,1198.644,
91,pb0056,NA,1,G,7,1G7,1,2,2,42.32308804,2.076216052,1196.874,
92,pb0057,NA,1,H,7,1H7,3.5,1,3.5,42.3231848,2.076459086,1194.379,
93,pb0058,NA,1,A,8,1A8,4.5,1,3.5,42.32312486,2.076288352,1194.239,
94,pb0059,NA,5,F,9,5F9,2.5,2.5,1,42.32335306,2.076898606,1178.09125,
95,pb0060,NA,1,B,8,1B8,1.5,1,1.5,42.32323331,2.076726522,1212.536,
96,pb0062,NA,1,D,8,1D8,4,1,3.5,42.32304681,2.076127445,1195.086,
97,pb0062,NA,1,D,8,1D8,4.5,0.5,3.5,42.32304681,2.076127445,1195.086,
98,pb0063,NA,1,E,8,1.00E+08,0.5,1.5,2,42.32289318,2.075423301,1192.726,
99,pb0064,NA,1,F,8,1F8,1.5,2.5,3.5,42.32280735,2.075398747,1198.568,
100,pb0065,NA,1,G,8,1G8,4,0.5,4,42.32317588,2.076430567,1194.419,
101,pb0067,1,1,A,9,1A9,0.5,1,1.5,42.32295287,2.075669443,1187.438,
102,pb0068,NA,1,B,9,1B9,2,0.5,3.5,42.32285797,2.075625861,1169.598,
103,pb0069,NA,1,C,9,1C9,4,2,3,42.32291937,2.075530415,1192.436,
104,pb0071,1,1,E,9,1.00E+09,2,1,3,42.32292421,2.075821155,1196.474,
105,pb0072,NA,1,F,9,1F9,2,1,3.5,42.32293559,2.075527046,1200.358,
106,pb0073,NA,1,G,9,1G9,4,1,3,42.32324447,2.076738791,1200.339,
107,pb0074,NA,1,H,9,1H9,2,2.5,3.5,42.32294543,2.075856068,1197.619,
108,pb0075,NA,1,A,10,1A10,3,0.5,2.5,42.32285876,2.075411178,1193.844,
109,pb0076,NA,1,B,10,1B10,1.5,2.5,3.5,42.32311653,2.076277789,1196.187,
110,pb0078,NA,1,D,10,1D10,4,1,3,42.32292992,2.075520236,1195.407,
111,pb0079,NA,1,E,10,1.00E+10,3,2.5,1,42.3231163,2.07628915,1202.719,
112,pb0079,NA,1,E,10,1.00E+10,4,1,3,42.3231163,2.07628915,1202.719,
113,pb0080,1,1,F,10,1F10,3.5,1,3.5,42.32294,2.075627705,1193.056,
114,pb0081,NA,1,G,10,1G10,4,1,3.5,42.32319856,2.076397615,1188.238,
115,pb0082,NA,1,H,10,1H10,2.5,1,3.5,42.32293455,2.075582759,1191.636,
116,pb0083,NA,1,A,11,1A11,3,1,4,42.32287885,2.07558069,1192.252,
117,pb0084,NA,1,B,11,1B11,4,2.5,3.5,42.32280284,2.075416819,1198.063,
118,pb0085,NA,1,C,11,1C11,3,1,3.5,42.3229287,2.075684073,1180.779,
119,pb0086,NA,1,D,11,1D11,0.5,1,1,42.3229471,2.075666682,1192.059,
120,pb0087,NA,1,E,11,1.00E+11,1.5,2.5,4,42.32317479,2.076400984,1197.858,
121,pb0088,NA,1,F,11,1F11,1.5,2,3,42.3229106,2.075408666,1195.041,
122,pb0089,NA,1,G,11,1G11,2,2.5,1,42.32294606,2.075746585,1190.734,
123,pb0092,NA,1,B,12,1B12,4,0.5,3,42.32319505,2.076556643,1198.11,
124,pb0093,NA,1,C,12,1C12,4,1,3.5,42.32284788,2.075377664,1193.98,
125,pb0094,NA,1,D,12,1D12,1,2,3.5,42.32291248,2.075654943,1197.781,
126,pb0095,NA,1,E,12,1.00E+12,3,1,2.5,42.32320859,2.076565348,1196.06,
127,pb0096,NA,1,F,12,1F12,4,2.5,3,42.32319989,2.076574304,1204.301,
128,pb0097,NA,1,G,12,1G12,1,2.5,1.5,42.32288345,2.075643911,1166.928,
129,pb0099,NA,2,A,1,2A1,0.5,2.5,2.5,42.32314466,2.07634445,1197.18,
130,pb0100,NA,2,B,1,2B1,2,2.5,3,42.32288566,2.075456602,1192.789,
131,pb0103,NA,2,E,1,2.00E+01,0.5,2.5,1.5,42.32281038,2.074721537,1202.418,
132,pb0104,NA,2,F,1,2F1,3.5,2.5,3.5,42.32265042,2.07394946,1190.75,
133,pb0105,1,2,G,1,2G1,4,2.5,3,42.32284645,2.075257864,1198.267,
134,pb0107,NA,2,A,2,2A2,1,2.5,1.5,42.32280142,2.075020771,1194.834,
135,pb0108,NA,2,B,2,2B2,2,1,1.5,42.32288977,2.075153344,1186.696,
136,pb0109,NA,2,C,2,2C2,1.5,1,1.5,42.32274454,2.074466107,1210.926,
137,pb0109,NA,2,C,2,2C2,3,1,2.5,42.32274454,2.074466107,1210.926,
138,pb0110,NA,2,D,2,2D2,2,1,3.5,42.32276607,2.074556575,1213.065,
139,pb0112,NA,2,F,2,2F2,2.5,2,4,42.32286437,2.075247534,1194.659,
140,pb0113,NA,2,G,2,2G2,2.5,1,4,42.32275553,2.074738829,1222.321,
141,pb0116,NA,2,B,3,2B3,3,1,3.5,42.32285064,2.075107551,1196.562,
142,pb0118,1,2,D,3,2D3,1.5,1,2,42.32287562,2.075262704,1192.493,
143,pb0121,NA,2,G,3,2G3,1.5,1,1.5,42.32287628,2.075263853,1195.134,
144,pb0122,NA,2,H,3,2H3,0.5,0.5,2,42.322868,2.075085054,1192.39,
145,pb0124,NA,2,B,4,2B4,4,1.5,3,42.32273606,2.074717518,1207.125,
146,pb0125,NA,2,C,4,2C4,1.5,1,3,42.32284534,2.075140177,1197.252,
147,pb0126,NA,2,D,4,2D4,3,1,3.5,42.32293158,2.075133919,1210.09,
148,pb0127,NA,2,E,4,2.00E+04,0.5,2,1,42.32278874,2.074639761,1203.688,
149,pb0128,NA,2,F,4,2F4,2,1,4,42.32287071,2.075299614,1192.711,
150,pb0129,NA,2,G,4,2G4,4,1,3.5,42.32278973,2.07467853,1196.789,
151,pb0130,NA,2,H,4,2H4,1.5,1,1.5,42.32282885,2.07510723,1200.147,
152,pb0131,NA,2,A,5,2A5,2.5,1.5,3.5,42.32277941,2.07466957,1196.494,
153,pb0132,NA,2,B,5,2B5,3,1,3.5,42.32273816,2.074211573,1203.361,
154,pb0133,NA,2,C,5,2C5,1.5,2.5,1.5,42.32279895,2.075235616,1204.713,
155,pb0135,NA,2,E,5,2.00E+05,3.5,1.5,3.5,42.32280833,2.074648192,1192.841,
156,pb0136,NA,2,F,5,2F5,1,2.5,3,42.32283915,2.074990424,1195.197,
157,pb0137,NA,2,G,5,2G5,4,0.5,3.5,42.322844,2.075228145,1201.605,
158,pb0138,NA,2,H,5,2H5,1,2,3.5,42.32268032,2.075147035,1251.546,
159,pb0139,NA,2,A,6,2A6,0.5,3,4,42.32271766,2.074190194,1197.38,
160,pb0140,NA,2,B,6,2B6,1.5,1,2.5,42.32268323,2.074045466,1189.447,
161,pb0141,NA,2,C,6,2C6,1.5,1,2,42.32282994,2.075223275,1200.961,
162,pb0143,NA,2,D,6,2D6,4,2.5,3,42.32273121,2.074287348,1235.964,
163,pb0145,NA,2,F,6,2F6,1.5,2.5,3.5,42.32285489,2.07508672,1194.958,
164,pb0146,NA,2,G,6,2G6,2,1,2.5,42.32276351,2.074516273,1208.887,
165,pb0147,NA,2,H,6,2H6,1.5,1,2.5,42.32274777,2.074283931,1198.889,
166,pb0148,NA,2,A,7,2A7,1.5,1,2,42.32276553,2.074588269,1210.597,
167,pb0149,NA,2,B,7,2B7,4,1,3,42.32274746,2.074286245,1199.098,
168,pb0149,NA,2,B,7,2B7,4,0.5,3.5,42.32274746,2.074286245,1199.098,
169,pb0150,NA,2,C,7,2C7,1.5,2.5,3,42.32282985,2.075014624,1199.045,
170,pb0151,NA,2,D,7,2D7,2,2,2,42.32233848,2.073183466,1201.365667,
171,pb0152,NA,2,E,7,2.00E+07,1.5,1,1.5,42.32227322,2.07304144,1197.692667,
172,pb0153,NA,2,F,7,2F7,1.5,1,2,42.32227598,2.073034231,1196.549,
173,pb0154,NA,2,G,7,2G7,4,0.5,3,42.3223865,2.073293942,1211.910667,
174,pb0155,NA,2,H,7,2H7,0.5,1,1.5,42.32221457,2.072789274,1202.878667,
175,pb0156,NA,2,A,8,2A8,3.5,2.5,3.5,42.32232102,2.073156392,1195.457667,
176,pb0157,NA,2,B,8,2B8,2,2.5,2.5,42.32238484,2.073276506,1204.431,
177,pb0158,NA,2,C,8,2C8,0.5,1,1.5,42.32230712,2.073098908,1205.029667,
178,pb0159,NA,2,D,8,2D8,3,2.5,3.5,42.3225896,2.073859055,1195.389,
179,pb0160,NA,2,E,8,2.00E+08,3.5,2.5,3,42.32234167,2.073236986,1206.244667,
180,pb0161,NA,2,F,8,2F8,2.5,1,3.5,42.32239384,2.073286476,1202.927333,
181,pb0162,NA,2,G,8,2G8,4,1,3.5,42.32239259,2.073288593,1202.031667,
182,pb0163,NA,2,H,8,2H8,1,1,3.5,42.32220956,2.072794525,1208.645333,
183,pb0164,NA,2,A,9,2A9,4,1,3.5,42.32257555,2.073856341,1196.574667,
184,pb0166,NA,2,C,9,2C9,2,0.5,2.5,42.32241734,2.073384028,1196.863667,
185,pb0168,NA,2,D,9,2D9,2,1,3,42.32222001,2.072820941,1203.124667,
186,pb0169,NA,2,E,9,2.00E+09,2,1,3.5,42.3223858,2.073320955,1198.325667,
187,pb0170,NA,2,F,9,2F9,4,2,3,42.32240372,2.073354845,1197.394,
188,pb0171,NA,2,G,9,2G9,1,2.5,3.5,42.32231799,2.07317526,1204.195667,
189,pb0172,NA,2,H,9,2H9,2,1,2.5,42.32204037,2.072460084,1198.722667,
190,pb0174,NA,2,B,10,2B10,1,1,2,42.32245176,2.073444984,1197.331,
191,pb0175,NA,2,C,10,2C10,1.5,1,2,42.32220104,2.072778759,1201.234,
192,pb0176,NA,2,D,10,2D10,2.5,1,4,42.32262417,2.073927302,1195.307667,
193,pb0177,NA,2,E,10,2.00E+10,0.5,2,2,42.32235787,2.073236162,1214.733333,
194,pb0178,NA,2,F,10,2F10,0.5,1.5,2,42.32223401,2.072850415,1200.563667,
195,pb0179,NA,2,G,10,2G10,2,0.5,1,42.32220317,2.07279899,1199.777,
196,pb0180,NA,2,H,10,2H10,3,1,3.5,42.3222136,2.072829885,1198.316,
197,pb0181,NA,2,A,11,2A11,0.5,2.5,1.5,42.32238896,2.073346976,1197.458667,
198,pb0182,NA,2,B,11,2B11,2,2.5,3.5,42.32247565,2.073494749,1196.440667,
199,pb0183,NA,2,C,11,2C11,2,2.5,3.5,42.32262162,2.073933256,1197.163667,
200,pb0184,NA,2,D,11,2D11,0.5,2.5,1.5,42.32258572,2.073875722,1196.083667,
201,pb0185,NA,2,E,11,2.00E+11,1.5,2.5,3,42.32229753,2.073101393,1196.492333,
202,pb0186,NA,2,F,11,2F11,1.5,1.5,2.5,42.32221818,2.072853802,1200.348333,
203,pb0188,NA,2,H,11,2H11,1.5,1.5,3.5,42.32219355,2.072742504,1199.652333,
204,pb0189,NA,2,A,12,2A12,0.5,1.5,1.5,42.32233969,2.073219638,1208.971,
205,pb0190,NA,2,B,12,2B12,2,2.5,3.5,42.3223208,2.073162958,1200.1855,
206,pb0191,NA,2,C,12,2C12,4,1,3.5,42.32243932,2.073527806,1199.057333,
207,pb0192,NA,2,D,12,2D12,1,0.5,3,42.32250077,2.073656729,1197.965333,
208,pb0193,NA,2,E,12,2.00E+12,2.5,2.5,3.5,42.32239922,2.073341576,1197.387333,
209,pb0194,NA,2,F,12,2F12,4,0.5,3.5,42.32258192,2.073864358,1196.076,
210,pb0195,NA,2,G,12,2G12,0.5,2.5,1,42.32238803,2.073286874,1207.199333,
211,pb0196,NA,2,H,12,2H12,3,1,3.5,42.32245875,2.073252339,1190.616667,
212,pb0197,NA,3,A,1,3A1,0.5,1,1.5,42.3224007,2.073338431,1197.537667,
213,pb0198,1,3,B,1,3B1,2.5,1,2,42.3222065,2.072804286,1199.345,
214,pb0199,NA,3,C,1,3C1,0.5,2,1.5,42.32219477,2.072754194,1196.853333,
215,pb0200,NA,3,D,1,3D1,1.5,1,3,42.32219907,2.072763661,1201.377667,
216,pb0201,NA,3,E,1,3.00E+01,0.5,1,1,42.32183612,2.072075545,1199.544,
217,pb0202,NA,3,F,1,3F1,3,2,3.5,42.32162738,2.070644957,1204.440667,
218,pb0204,NA,3,H,1,3H1,0.5,1.5,1.5,42.32210416,2.07261021,1204.5755,
219,pb0205,NA,3,A,2,3A2,3,2.5,3.5,42.32164874,2.071528375,1201.455,
220,pb0207,NA,3,C,2,3C2,1,2.5,3,42.32149278,2.070895204,1202.850333,
221,pb0209,NA,3,D,2,3D2,0.5,2.5,1,42.32188281,2.072195107,1198.974667,
222,pb0210,NA,3,E,2,3.00E+02,4,2.5,3,42.32157976,2.071379377,1201.077,
223,pb0211,NA,3,F,2,3F2,2.5,2.5,3.5,42.32175305,2.071693437,1201.045,
224,pb0213,NA,3,G,2,3G2,1.5,2.5,3,42.32191221,2.072310288,1200.677667,
225,pb0215,NA,3,A,3,3A3,0.5,2.5,1.5,42.32149726,2.071235943,1200.322,
226,pb0216,NA,3,B,3,3B3,1.5,1,2.5,42.32159863,2.071414131,1201.276,
227,pb0217,NA,3,C,3,3C3,0.5,3,3,42.32182999,2.072072875,1200.23,
228,pb0219,NA,3,E,3,3.00E+03,0.5,2,1,42.32214842,2.07265735,1205.116,
229,pb0220,NA,3,F,3,3F3,1,2.5,3.5,42.32213762,2.072666581,1215.458667,
230,pb0221,1,3,G,3,3G3,4,2,4,42.32211123,2.072662725,1216.095,
231,pb0222,NA,3,H,3,3H3,0.5,2,2.5,42.32150733,2.07122295,1199.960333,
232,pb0223,NA,3,A,4,3A4,0.5,2.5,1.5,42.32180508,2.071990662,1199.779333,
233,pb0224,NA,3,B,4,3B4,4,2.5,3.5,42.32160896,2.070654867,1204.061,
234,pb0225,NA,3,C,4,3C4,2.5,2.5,3.5,42.32160739,2.070662299,1203.477667,
235,pb0227,NA,3,E,4,3.00E+04,0.5,2.5,2.5,42.32181997,2.072043091,1199.462,
236,pb0228,NA,3,F,4,3F4,1,1,2.5,42.32186828,2.072158408,1198.961,
237,pb0229,NA,3,G,4,3G4,0.5,2,2.5,42.3215716,2.07137157,1200.039333,
238,pb0230,NA,3,H,4,3H4,4,2.5,3.5,42.32154447,2.070870218,1204.027667,
239,pb0231,NA,3,A,5,3A5,2,2,2,42.32178946,2.07196699,1201.797667,
240,pb0232,NA,3,B,5,3B5,3.5,2,3.5,42.32200154,2.072520023,1203.976667,
241,pb0233,NA,3,C,5,3C5,2,0.5,3.5,42.32214942,2.072697138,1208.897667,
242,pb0235,NA,3,E,5,3.00E+05,1.5,2.5,2,42.32162145,2.070663107,1202.208,
243,pb0236,NA,3,F,5,3F5,3.5,1,3,42.32201804,2.072506705,1200.784,
244,pb0237,NA,3,G,5,3G5,0.5,1.5,1.5,42.32173064,2.071764286,1202.905667,
245,pb0238,NA,3,H,5,3H5,0.5,3,2.5,42.32218356,2.072723103,1196.871,
246,pb0240,NA,3,B,6,3B6,4,2.5,3.5,42.32211742,2.072631748,1200.806333,
247,pb0242,NA,3,D,6,3D6,1.5,1,2,42.32219443,2.072689584,1200.331333,
248,pb0243,NA,3,E,6,3.00E+06,3,1,3,42.32201654,2.072508794,1203.657333,
249,pb0244,NA,3,F,6,3F6,1.5,1,2,42.32187273,2.072146807,1198.463667,
250,pb0245,NA,3,G,6,3G6,3,0.5,3,42.32197254,2.072462303,1205.673667,
251,pb0246,NA,3,H,6,3H6,0.5,2.5,2.5,42.32153792,2.070871436,1201.844,
252,pb0247,NA,3,A,7,3A7,4,1,3.5,42.32160852,2.070653143,1205.493667,
253,pb0248,NA,3,B,7,3B7,0.5,2.5,1.5,42.32178706,2.071715179,1202.713333,
254,pb0250,NA,3,D,7,3D7,3.5,2,3.5,42.32173471,2.07169021,1200.343,
255,pb0251,NA,3,E,7,3.00E+07,4,1,na,42.32365577,2.080518258,1185.513,
256,pb0252,NA,3,F,7,3F7,1.5,1,2.5,42.32364907,2.080507677,1186.539667,
257,pb0253,NA,3,G,7,3G7,4,1,3,42.3238071,2.080974857,1180.886333,
258,pb0254,NA,3,H,7,3H7,4,1,4,42.32371462,2.081619196,1181.436667,
259,pb0256,NA,3,A,8,3A8,3,1,3.5,42.32366243,2.080506679,1186.434,
260,pb0258,NA,3,C,8,3C8,3,0.5,3,42.32376878,2.081176039,1186.942667,
261,pb0259,NA,3,D,8,3D8,3,1,3,42.32367857,2.080461533,1184.374667,
262,pb0260,NA,3,E,8,3.00E+08,3,1.5,3.5,42.32375093,2.081178022,1188.872333,
263,pb0261,NA,3,F,8,3F8,4,0.5,3.5,42.32368175,2.081046324,1206.659667,
264,pb0263,NA,3,H,8,3H8,4,2,3.5,42.32161452,2.070629547,1204.141667,
265,pb0264,NA,3,A,9,3A9,3.5,1,3,42.32360532,2.081181297,1218.097,
266,pb0265,NA,3,B,9,3B9,4,1,3.5,42.32372352,2.081421899,1182.900667,
267,pb0266,NA,3,C,9,3C9,1.5,1,3.5,42.32365178,2.08049765,1186.169,
268,pb0267,NA,3,D,9,3D9,3.5,0.5,3,42.32373416,2.081035939,1189.598333,
269,pb0268,NA,3,E,9,3.00E+09,3.5,0.5,3,42.32372771,2.081456659,1183.3205,
270,pb0269,NA,3,F,9,3F9,4,1,3,42.32369909,2.080554903,1182.421333,
271,pb0270,NA,3,G,9,3G9,3.5,0.5,3,42.32373819,2.081146182,1188.858667,
272,pb0271,NA,3,H,9,3H9,1,2.5,2,42.32164556,2.070674369,1202.455333,
273,pb0273,NA,3,B,10,3B10,4,1.5,3.5,42.32373017,2.081443104,1183.872333,
274,pb0274,NA,3,C,10,3C10,4,1,3,42.32376204,2.081712438,1182.101,
275,pb0276,NA,3,E,10,3.00E+10,4,1,3.5,42.32371059,2.081619969,1180.921667,
276,pb0277,NA,3,F,10,3F10,4,2,3,42.32368559,2.08083901,1186.964333,
277,pb0278,NA,3,G,10,3G10,3.5,0.5,na,42.32368761,2.080512609,1181.716,
278,pb0279,NA,3,H,10,3H10,1.5,2.5,1.5,42.32164197,2.070665061,1201.796333,
279,pb0280,NA,3,A,11,3A11,3,0.5,3,42.32374948,2.081051016,1184.028333,
280,pb0281,NA,3,B,11,3B11,3,1.5,3.5,42.32362611,2.081376289,1212.518,
281,pb0282,NA,3,C,11,3C11,4,1,3.5,42.32375242,2.08086732,1180.914,
282,pb0283,NA,3,D,11,3D11,4,2.5,3.5,42.32379504,2.080920577,1179.676667,
283,pb0284,NA,3,E,11,3.00E+11,4,0.5,3.5,42.32374631,2.081250706,1182.178333,
284,pb0285,NA,3,F,11,3F11,1.5,1,2.5,42.32366599,2.080534444,1184.04025,
285,pb0286,NA,3,G,11,3G11,4,1.5,3.5,42.32165331,2.070645953,1202.099,
286,pb0287,NA,3,H,11,3H11,4,0.5,3,42.32365173,2.080519903,1186.567,
287,pb0288,NA,3,A,12,3A12,3.5,1,3.5,42.32374263,2.081117683,1190.225333,
288,pb0289,NA,3,B,12,3B12,3.5,1,3.5,42.32373153,2.080818548,1183.962667,
289,pb0289,NA,3,B,12,3B12,3,0.5,3.5,42.32373153,2.080818548,1183.962667,
290,pb0290,NA,3,C,12,3C12,3.5,1,3,42.3236552,2.080544899,1185.619,
291,pb0291,NA,3,D,12,3D12,3.5,1,3,42.32373968,2.081287191,1184.470667,
292,pb0292,NA,3,E,12,3.00E+12,4,0.5,3,42.32371313,2.081051025,1195.658333,
293,pb0292,NA,9,G,4,9G4,4,0.5,3,42.32371313,2.081051025,1195.658333,
294,pb0293,NA,3,F,12,3F12,4,0.5,3,42.32372635,2.081048476,1186.385667,
295,pb0294,NA,3,G,12,3G12,2,1,1.5,42.32369566,2.08055609,1182.790667,
296,pb0296,NA,4,A,1,4A1,3.5,2,4,42.3216456,2.070622232,1202.935667,
297,pb0296,NA,9,F,4,9F4,3.5,2,4,42.3216456,2.070622232,1202.935667,
298,pb0297,NA,4,B,1,4B1,0.5,2.5,3,42.32163931,2.070669928,1202.669333,
299,pb0298,NA,4,C,1,4C1,2,0.5,3,42.32367127,2.080587687,1185.315,
300,pb0300,NA,4,D,1,4D1,0.5,2.5,1,42.32167511,2.070467445,1202.335,
301,pb0301,NA,4,E,1,4.00E+01,3,1,3.5,42.32362447,2.080352296,1187.797,
302,pb0302,NA,4,F,1,4F1,4,0.5,3.5,42.32358986,2.079160748,1188.806667,
303,pb0303,NA,4,G,1,4G1,3,1,1,42.32364879,2.080427263,1187.173333,
304,pb0306,NA,4,H,1,4H1,4,1,3,42.32357346,2.079005801,1189.337333,
305,pb0307,NA,4,A,2,4A2,4,1,3.5,42.32364053,2.080260789,1185.057333,
306,pb0309,NA,4,C,2,4C2,2,3,1,42.3236391,2.079575937,1186.087,
307,pb0310,NA,4,D,2,4D2,3.5,0.5,3.5,42.32357424,2.079063426,1189.077333,
308,pb0311,NA,4,E,2,4.00E+02,3.5,1,3,42.32360242,2.079287862,1188.1765,
309,pb0312,NA,4,F,2,4F2,4,1,3,42.323627,2.0795549,1187.969667,
310,pb0313,NA,4,G,2,4G2,4,1,3,42.32360868,2.079305758,1188.694333,
311,pb0314,NA,4,H,2,4H2,4.5,1,3,42.32366067,2.079858032,1185.020333,
312,pb0315,NA,4,A,3,4A3,1.5,2,2.5,42.32360413,2.079297934,1187.793091,
313,pb0318,NA,4,D,3,4D3,1,1.5,2.5,42.32355017,2.078760299,1182.55975,
314,pb0319,NA,4,E,3,4.00E+03,1.5,2.5,3.5,42.32358884,2.079152497,1188.223,
315,pb0320,NA,4,F,3,4F3,3.5,1,3.5,42.32357476,2.079071845,1188.650667,
316,pb0321,NA,4,G,3,4G3,1.5,1,2,42.32358647,2.079044121,1184.435,
317,pb0323,NA,4,A,4,4A4,4,1,3,42.32359228,2.079221721,1189.413333,
318,pb0324,NA,4,B,4,4B4,4,0.5,3,42.3235751,2.079013794,1188.807,
319,pb0326,NA,4,D,4,4D4,4,1.5,3.5,42.32362754,2.080254293,1185.132667,
320,pb0327,NA,4,E,4,4.00E+04,3.5,2,3.5,42.3235836,2.079149035,1189.741,
321,pb0328,1,4,F,4,4F4,na,na,na,42.32361978,2.080396325,1187.627667,
322,pb0330,1,4,H,4,4H4,4,1,3.5,42.32364624,2.079587647,1184.900667,
323,pb0331,NA,4,A,5,4A5,4.5,1,3.5,42.32357146,2.078965187,1189.051,
324,pb0333,NA,4,C,5,4C5,4,1,3,42.32359416,2.079240806,1189.322333,
325,pb0334,NA,4,D,5,4D5,1.5,0.5,1.5,42.32360433,2.079272301,1188.809,
326,pb0335,NA,4,E,5,4.00E+05,3.5,1,3.5,42.32362892,2.079549537,1187.377667,
327,pb0336,NA,4,F,5,4F5,4,0.5,3.5,42.32360931,2.079300541,1188.592667,
328,pb0337,NA,4,G,5,4G5,4,1,3,42.32361277,2.079333048,1187.232667,
329,pb0338,NA,4,H,5,4H5,4,0.5,3,42.3235484,2.078763648,1180.914667,
330,pb0339,NA,4,A,6,4A6,4,1,3.5,42.32362923,2.079576061,1187.693333,
331,pb0343,NA,4,D,6,4D6,3,1,3,42.32364169,2.080488053,1189.578,
332,pb0344,NA,4,E,6,4.00E+06,2.5,0.5,2,42.32357633,2.079044999,1188.263667,
333,pb0345,NA,4,F,6,4F6,3,1,3.5,42.32364871,2.07964289,1186.527,
334,pb0346,NA,4,G,6,4G6,3.5,1,3.5,42.3236927,2.080308902,1179.291,
335,pb0347,NA,4,H,6,4H6,3.5,1,3,42.32364439,2.080463957,1187.830667,
336,pb0349,NA,4,B,7,4B7,4,2.5,3.5,42.3236443,2.080028304,1184.844333,
337,pb0350,NA,4,C,7,4C7,3,0.5,3,42.32365856,2.079845731,1185.229333,
338,pb0352,NA,4,E,7,4.00E+07,3.5,1,3,42.32361819,2.079343463,1184.322333,
339,pb0353,NA,4,F,7,4F7,4,0.5,3,42.32356616,2.078910162,1181.987333,
340,pb0354,NA,4,G,7,4G7,4,0.5,3,42.32357845,2.079020027,1182.446,
341,pb0355,NA,4,H,7,4H7,3,1.5,3,42.32362011,2.079289317,1184.330333,
342,pb0356,NA,4,A,8,4A8,3.5,0.5,3,42.32357882,2.079010056,1182.555,
343,pb0357,NA,4,B,8,4B8,4,1,3.5,42.32364673,2.079619735,1185.368333,
344,pb0358,NA,4,C,8,4C8,2,1,2.5,42.32349091,2.078026074,1185.292667,
345,pb0358,NA,4,C,8,4C8,1.5,1,1.5,42.32349091,2.078026074,1185.292667,
346,pb0359,1,4,D,8,4D8,3.5,0.5,3,42.32361854,2.079293527,1184.3575,
347,pb0360,NA,4,E,8,4.00E+08,4.5,0.5,3,42.32356521,2.078911585,1182.639,
348,pb0362,NA,4,G,8,4G8,1.5,2.5,3.5,42.32358023,2.078996713,1184.644,
349,pb0363,1,4,H,8,4H8,4,0.5,3.5,42.32360572,2.079219076,1185.4345,
350,pb0364,NA,5,G,9,5G9,3.5,1,3,42.32359479,2.079136284,1184.65,
351,pb0366,NA,4,A,9,4A9,4,0.5,3,42.32361984,2.079412438,1183.65,
352,pb0368,NA,4,B,9,4B9,3.5,0.5,3.5,42.32361428,2.079334092,1184.390333,
353,pb0370,NA,4,D,9,4D9,3.5,1,1,42.32361074,2.079287933,1184.242667,
354,pb0372,NA,4,E,9,4.00E+09,3.5,1.5,3,42.32379441,2.080700187,1165.803333,
355,pb0374,NA,4,F,9,4F9,1.5,1,1.5,42.32360197,2.079210066,1186.63875,
356,pb0375,NA,4,G,9,4G9,4,1,3,42.32354618,2.078744207,1181.836,
357,pb0376,NA,4,H,9,4H9,4,1,4,42.32359831,2.079203898,1185.389333,
358,pb0377,NA,4,A,10,4A10,3.5,0.5,3,42.32245223,2.073676207,1197.542,
359,pb0378,NA,4,B,10,4B10,1,2.5,2.5,42.32364991,2.079654843,1184.19,
360,pb0380,NA,4,C,10,4C10,1.5,1,2.5,42.32360106,2.079247369,1184.918,
361,pb0381,NA,4,D,10,4D10,3,1,3.5,42.32362361,2.079278818,1184.818333,
362,pb0382,NA,4,E,10,4.00E+10,4,1,3.5,42.32356188,2.078738873,1186.892,
363,pb0384,NA,4,G,10,4G10,3.5,1,3.5,42.32365552,2.079763523,1182.50125,
364,pb0385,NA,4,H,10,4H10,4,1,4,42.32361455,2.079290779,1184.281,
365,pb0387,NA,4,A,11,4A11,3.5,1,1,42.3236518,2.079588379,1184.443667,
366,pb0389,NA,4,C,11,4C11,4,0.5,3.5,42.32357576,2.07893731,1185.402667,
367,pb0390,NA,4,D,11,4D11,1.5,1,1.5,42.32360826,2.079270887,1185.144333,
368,pb0392,NA,4,F,11,4F11,0.5,1.5,1.5,42.32263043,2.069720359,1226.371333,
369,pb0393,NA,4,G,11,4G11,4,0.5,3.5,42.32363075,2.079514785,1184.379667,
370,pb0393,NA,4,G,11,4G11,4,0.5,3.5,42.32363075,2.079514785,1184.379667,
371,pb0395,NA,4,A,12,4A12,3.5,0.5,3.5,42.32364929,2.079605576,1187.691667,
372,pb0396,NA,4,B,12,4B12,3,1,2,42.3236525,2.079553302,1183.653333,
373,pb0397,NA,4,C,12,4C12,4,0.5,3.5,42.32365581,2.079777455,1189.261,
374,pb0398,NA,4,D,12,4D12,4,1,1,42.3236152,2.079254449,1184.474,
375,pb0400,NA,4,F,12,4F12,3,1,2.5,42.32361185,2.079332629,1184.046333,
376,pb0401,NA,4,G,12,4G12,3,0.5,3,42.32320515,2.076732992,1193.514,
377,pb0402,NA,4,H,12,4H12,0.5,2.5,1.5,42.32262694,2.069720805,1225.604333,
378,pb0403,1,5,A,1,5A1,3.5,2.5,3.5,42.32285862,2.069382856,1221.651333,
379,pb0405,NA,5,B,1,5B1,0.5,2.5,2.5,42.3227693,2.069518595,1226.191333,
380,pb0407,NA,5,C,1,5C1,2,0.5,na,42.32237795,2.073535775,1200.62,
381,pb0408,NA,5,D,1,5D1,0.5,1.5,1.5,42.32271455,2.069616216,1228.002667,
382,pb0409,NA,5,E,1,5.00E+01,0.5,2.5,1.5,42.32257867,2.069784877,1224.676,
383,pb0410,1,5,F,1,5F1,1,2.5,3.5,42.32341323,2.068459558,1215.715667,
384,pb0412,NA,5,G,1,5G1,4,1.5,3.5,42.32310689,2.076186824,1198.233667,
385,pb0413,NA,5,H,1,5H1,0.5,2.5,1.5,42.32150636,2.071340743,1202.866,
386,pb0414,NA,5,A,2,5A2,3.5,1,3,42.32314515,2.076858185,1216.155333,
387,pb0415,NA,5,B,2,5B2,2,1,2.5,42.32285285,2.069429705,1222.962,
388,pb0418,NA,5,D,2,5D2,2,2.5,2.5,42.32340561,2.068484461,1216.779,
389,pb0422,NA,5,H,2,5H2,0.5,2.5,1.5,42.3226363,2.069715626,1226.127667,
390,pb0425,NA,5,C,3,5C3,2,1,4,42.32284178,2.075306013,1199.002,
391,pb0427,NA,5,D,3,5D3,0.5,2,2.5,42.32274638,2.069550267,1225.862,
392,pb0429,NA,5,F,3,5F3,0.5,2.5,1,42.32264544,2.069736681,1227.569333,
393,pb0432,1,5,G,3,5G3,0.5,2.5,3,42.32284604,2.069416534,1222.470667,
394,pb0435,NA,5,H,3,5H3,2.5,1.5,1,42.32282934,2.069433247,1222.617333,
395,pb0436,NA,5,A,4,5A4,0.5,1.5,2.5,42.32317406,2.076892579,1222.9495,
396,pb0437,NA,5,B,4,5B4,0.5,2.5,3,42.32282442,2.068785485,1212.436333,
397,pb0440,NA,5,D,4,5D4,0.5,2.5,1,42.3233417,2.068711985,1191.76125,
398,pb0441,NA,5,E,4,5.00E+04,2,1,3.5,42.32284593,2.069439982,1225.140333,
399,pb0442,NA,5,F,4,5F4,4,1,3,42.32329127,2.07697012,1197.866667,
400,pb0443,NA,5,G,4,5G4,3.5,2.5,3.5,42.32320064,2.076718483,1192.242333,
401,pb0445,NA,5,H,4,5H4,0.5,2.5,1.5,42.32280164,2.069499422,1224.196667,
402,pb0448,NA,5,B,5,5B5,1.5,2.5,3.5,42.3231971,2.076731266,1195.240333,
403,pb0450,NA,5,C,5,5C5,0.5,2,1,42.32283417,2.069449193,1224.073,
404,pb0451,NA,5,D,5,5D5,4,2.5,3.5,42.32271856,2.074364316,1197.307333,
405,pb0454,NA,5,F,5,5F5,0.5,2.5,1,42.32282181,2.069496764,1225.649,
406,pb0456,NA,5,H,5,5H5,0.5,3,1.5,42.3233477,2.068782143,1182.61725,
407,pb0458,NA,5,A,6,5A6,2,1,3,42.32336176,2.068642614,1194.324333,
408,pb0460,NA,5,C,6,5C6,0.5,2.5,1.5,42.32251672,2.073721233,1202.896,
409,pb0461,NA,5,D,6,5D6,0.5,2,2.5,42.32281676,2.074848829,1195.511667,
410,pb0463,NA,5,F,6,5F6,4,1,3,42.32364394,2.079889223,1185.205667,
411,pb0464,NA,5,G,6,5G6,3.5,2.5,3.5,42.32227583,2.073259597,1200.194333,
412,pb0468,NA,5,A,7,5A7,2,2.5,3.5,42.3226982,2.074350035,1199.028333,
413,pb0469,NA,5,B,7,5B7,4,0.5,3,42.32364158,2.079588121,1186.958667,
414,pb0472,NA,5,C,7,5C7,3,1,1,42.32361873,2.079744956,1187.665,
415,pb0474,NA,5,D,7,5D7,1.5,1.5,2.5,42.32265377,2.074176329,1201.835,
416,pb0476,NA,5,E,7,5.00E+07,4.5,1,3.5,42.32364204,2.079692465,1186.725333,
417,pb0480,NA,5,G,7,5G7,0.5,2.5,3,42.32263187,2.069752993,1227.546667,
418,pb0482,NA,5,H,7,5H7,2,2.5,3,42.32279705,2.075065516,1195.039,
419,pb0484,NA,5,A,8,5A8,0.5,3,1.5,42.32363445,2.079736816,1186.409,
420,pb0484,NA,5,A,8,5A8,4,0.5,3,42.32363445,2.079736816,1186.409,
421,pb0485,NA,5,B,8,5B8,4,0.5,3,42.3235168,2.07840004,1188.821667,
422,pb0487,NA,5,D,8,5D8,2,1,1,42.32363093,2.079566862,1186.675667,
423,pb0489,NA,5,E,8,5.00E+08,4,1,3.5,42.32362367,2.079536788,1186.679,
424,pb0491,NA,5,F,8,5F8,4,0.5,3,42.32362932,2.079866966,1186.63,
425,pb0494,NA,5,G,8,5G8,4.5,0.5,3,42.3235453,2.079922626,1212.70225,
426,pb0495,NA,5,H,8,5H8,0.5,0.5,1,42.3228959,2.075644808,1193.6595,
427,pb0498,NA,5,A,9,5A9,3.5,0.5,3,42.32363993,2.079864798,1186.391,
428,pb0500,NA,5,B,9,5B9,0.5,2.5,1.5,42.32281345,2.069497357,1223.682333,
429,pb0526,NA,5,C,9,5C9,0.5,2.5,1.5,42.32338819,2.068278543,1214.71,pb0516 is missing
430,pb0526,NA,5,C,9,5C9,0.5,2.5,1.5,42.33029459,2.069856584,1412.441333,pb0516 is missing
431,pb0539,NA,5,D,9,5D9,0.5,2.5,1,42.3233917,2.068263662,1214.491333,
432,pb0547,NA,5,E,9,5.00E+09,0.5,2.5,1.5,42.32338958,2.068263395,1215.445,
433,pb0738,NA,5,B,10,5B10,3.5,1,3.5,42.32275617,2.074340471,1196.047667,
434,pb0740,NA,5,C,10,5C10,1.5,1,3.5,42.32233868,2.073351339,1196.759333,
435,pb0743,NA,5,D,10,5D10,1.5,2,1.5,42.3217421,2.071741557,1203.847667,
436,pb0746,1,5,E,10,5.00E+10,4,1,3,42.32320092,2.076295101,1179.782333,
437,pb0747,NA,5,F,10,5F10,1.5,2.5,3,42.32282212,2.075210329,1194.984667,
438,pb0754,NA,5,H,10,5H10,3.5,2.5,3,42.3237611,2.081276764,1180.220667,
439,pb0757,1,5,A,11,5A11,0.5,1,1.5,42.3216637,2.070534349,1199.831333,
440,pb0759,NA,5,C,11,5C11,1,2.5,2,42.32234202,2.073126618,1198.721,
441,pb0763,NA,5,F,11,5F11,3.5,0.5,3,42.3237068,2.079863777,1188.266,
442,pb0764,NA,5,G,11,5G11,1.5,2.5,2,42.32359194,2.079265775,1185.086333,
443,pb0765,NA,5,H,11,5H11,0.5,2.5,3,42.32341213,2.077875471,1172.593,
444,pb0766,NA,5,A,12,5A12,1.5,1,3,42.32224901,2.069072132,1208.742333,
445,pb0766,NA,5,A,12,5A12,1.5,0.5,3,42.32224901,2.069072132,1208.742333,
446,pb0767,NA,5,B,12,5B12,3,1,3.5,42.323623,2.079563482,1191.466,
447,pb0768,NA,5,C,12,5C12,1.5,1,2.5,42.3235765,2.079312521,1190.990667,
448,pb0768,NA,5,C,12,5C12,1.5,1,2,42.3235765,2.079312521,1190.990667,
449,pb0769,NA,5,D,12,5D12,3,0.5,3,42.32314203,2.076554815,1189.724,
450,pb0770,NA,5,E,12,5.00E+12,4,0.5,3.5,42.32172525,2.073641091,1816.818333,same ID recorded on multiple dates
451,pb0770,NA,5,E,12,5.00E+12,4,0.5,3.5,42.32260567,2.073937414,1195.399333,same ID recorded on multiple dates
452,pb0771,NA,5,F,12,5F12,2,0.5,1,42.3235547,2.079025245,1184.131,
453,pb0772,NA,5,G,12,5G12,3.5,2.5,3.5,42.32168954,2.071795777,1200.425333,
454,pb0773,NA,5,H,12,5H12,3,1.5,3,42.32366594,2.080598058,1184.912,
455,pb0775,NA,6,B,1,6B1,0.5,1,2,42.32267475,2.074198456,1194.758667,
456,pb0777,NA,6,C,1,6C1,3,1.5,3.5,42.32167274,2.071624665,1197.428333,
457,pb0778,NA,6,D,1,6D1,0.5,2.5,1,42.32225069,2.069076781,1209.773,
458,pb0779,NA,6,E,1,6.00E+01,1.5,2.5,1,42.32247644,2.073719089,1219.781333,
459,pb0780,NA,6,F,1,6F1,0.5,1,1,42.32236142,2.073424554,1200.062,
460,pb0782,NA,6,G,1,6G1,3.5,0.5,3,42.32362449,2.079844503,1192.327333,
461,pb0784,NA,6,H,1,6H1,0.5,2.5,2.5,42.32167434,2.070494457,1206.646667,
462,pb0785,NA,6,A,2,6A2,0.5,1,1,42.3218315,2.072149059,1200.941,same ID recorded on multiple dates
463,pb0785,NA,6,A,2,6A2,0.5,1,1,42.32320518,2.076339071,1185.458,same ID recorded on multiple dates
464,pb0787,NA,6,C,2,6C2,0.5,2.5,2.5,42.32282515,2.074567805,1197.011,
465,pb0788,NA,6,D,2,6D2,3,1,3,42.32364227,2.080423827,1180.538667,
466,pb0789,NA,6,E,2,6.00E+02,1.5,2.5,2.5,42.3222493,2.069073613,1209.337667,
467,pb0790,NA,6,F,2,6F2,0.5,1.5,1,42.32225117,2.069076723,1210.183667,
468,pb0791,NA,6,G,2,6G2,0.5,3,1.5,42.32227112,2.072815934,1213.210333,
469,pb0792,NA,6,H,2,6H2,1.5,1,1.5,42.32327913,2.076756194,1196.966,
470,pb0793,NA,6,A,3,6A3,1.5,1,1,42.3235865,2.079085426,1189.256,
471,pb0794,NA,6,B,3,6B3,1.5,2,1.5,42.32182973,2.071989785,1197.595333,
472,pb0795,NA,6,C,3,6C3,1.5,2.5,2.5,42.32176308,2.071762996,1212.593667,
473,pb0796,NA,6,D,3,6D3,3,1,3,42.32356234,2.079073433,1185.047,
474,pb0797,NA,6,E,3,6.00E+03,4,2.5,3.5,42.32180175,2.072119652,1200.442,
475,pb0798,NA,6,F,3,6F3,4,1,3.5,42.32357522,2.078923286,1190.390333,
476,pb0800,NA,6,H,3,6H3,3.5,3,3.5,42.32167671,2.071761276,1219.798,
477,pb0810,NA,9,G,7,9G7,4,0.5,3.5,42.32192741,2.08876648,1200.43,
478,pb0836,NA,9,H,7,9H7,4,1,3.5,42.32203658,2.088543059,1198.539,
479,pb0854,NA,9,A,8,9A8,3.5,1,3,42.32197903,2.088856628,1207.672,
480,pb0860,NA,9,B,8,9B8,4,1,3.5,42.3220043,2.088854029,1216.187,
481,pb0861,NA,9,C,8,9C8,3,1,3.5,42.32197642,2.088830052,1206.207,
482,pb0866,NA,9,D,8,9D8,4,0.5,3.5,42.32199236,2.088826588,1202.849,
483,pb0868,NA,9,E,8,9.00E+08,3.5,1,3.5,42.32199285,2.088840639,1198.246,
484,pb0869,NA,9,F,8,9F8,3.5,1,4,42.3219662,2.08884629,1198.82,
485,pb0871,NA,9,G,8,9G8,3.5,0.5,3,42.32194436,2.088690934,1204.187,
486,pb0873,NA,9,H,8,9H8,4,1,3,42.3219606,2.088826354,1198.444,
487,pb0875,NA,10,B,5,10B5,0.5,1,0.5,42.32513691,2.0592093,1248.875,
488,pb0876,NA,10,A,2,10A2,2,2.5,4,42.32544702,2.052094968,1286.418,
489,pb0881,NA,9,A,9,9A9,4,0.5,3,42.32197483,2.088857886,1199.988,
490,pb0883,NA,10,B,2,10B2,0.5,3,3,42.3254619,2.052093153,1279.997,
491,pb0888,NA,10,C,2,10C2,1,2.5,2.5,42.32545206,2.052228715,1283.586,
492,pb0893,NA,10,D,2,10D2,0.5,2.5,2.5,42.32544294,2.052212356,1286.362,
493,pb0894,NA,9,B,9,9B9,3.5,0.5,3.5,42.3219816,2.08885237,1205.953,
494,pb0898,NA,10,E,2,1.00E+03,0.5,3,1,42.32548038,2.052317154,1283.797,
495,pb0900,NA,10,C,5,10C5,0.5,2.5,1,42.32511906,2.059221318,1249.136,
496,pb0912,NA,10,E,11,1.00E+12,4,1,3.5,42.32678211,2.05207874,1388.862,
497,pb0934,NA,9,H,4,9H4,4,1,3,42.3208168,2.095915345,1242.177,
498,pb0952,NA,10,D,5,10D5,1.5,2.5,3.5,42.32539646,2.059105439,1286.944,
499,pb0960,NA,10,C,8,10C8,0.5,2.5,NA,42.32447164,2.06492792,1224.79,
500,pb1000,NA,9,A,5,9A5,3.5,1,3.5,42.32090347,2.096069209,1243.374,
501,pb1008,NA,9,C,9,9C9,4,0.5,3.5,42.32193799,2.08869409,1198.908,
502,pb1009,NA,9,D,9,9D9,3.5,0.5,3,42.32192965,2.088711132,1198.744,
503,pb1014,NA,9,E,9,9.00E+09,4,1,3.5,42.32198206,2.088579346,1197.501,
504,pb1042,NA,9,B,5,9B5,4.5,1,3.5,42.32090292,2.095988491,1242.647,
505,pb1046,NA,9,C,5,9C5,3.5,1,3,42.32089528,2.095848073,1242.141,
506,pb1047,NA,9,D,5,9D5,3,1,3.5,42.32089602,2.095960212,1242.685,
507,pb1048,NA,9,E,5,9.00E+05,4,2.5,3,42.3209054,2.095844255,1239.318,
508,pb1053,NA,9,F,5,9F5,3.5,1,3.5,42.32089134,2.096049316,1244.703,
509,pb1060,NA,9,G,5,9G5,4,0.5,3.5,42.32089684,2.095843305,1239.984,
510,pb1085,NA,10,F,2,10F2,0.5,3,2,42.32548105,2.052122483,1282.599,
511,pb1088,NA,10,G,2,10G2,0.5,2.5,2,42.32551072,2.05233046,1279.519,
512,pb1092,NA,10,H,2,10H2,0.5,2.5,2,42.32549772,2.052189549,1282.839,
513,pb1093,NA,10,A,3,10A3,0.5,3,1.5,42.32549423,2.0522691,1280.141,
514,pb1164,NA,10,D,8,10D8,0.5,3,1,42.32450987,2.064832183,1223.198,
515,pb1166,NA,10,E,8,1.00E+09,1.5,2.5,2,42.32454739,2.064646871,1225.484,
516,pb1172,NA,10,F,8,10F8,0.5,2.5,1.5,42.32454781,2.064591324,1226.713,
517,pb1179,NA,10,G,8,10G8,1.5,2.5,3,42.32459929,2.064328275,1223.867,
518,pb1188,NA,9,H,10,9H10,4,0.5,3.5,42.32353231,2.084468485,1189.492,
519,pb1191,NA,9,A,11,9A11,4,0.5,3,42.32352187,2.084472928,1191.118,
520,pb1192,1,9,F,9,9F9,3.5,1,3,42.32187218,2.088602724,1228.549,
521,pb1195,NA,9,G,9,9G9,3.5,1.5,3.5,42.32186836,2.088599921,1228.549,
522,pb1196,NA,9,B,11,9B11,4.5,1,3.5,42.32355876,2.084526423,1192.413,
523,pb1253,NA,9,H,5,9H5,4,1,3.5,42.32089515,2.096052707,1245.775,
524,pb1469,NA,9,A,6,9A6,4,1,3,42.32084807,2.096248169,1244.974,
525,pb1470,NA,9,B,6,9B6,3,1,3.5,42.32088589,2.096312789,1255.644,
526,pb1512,NA,9,C,6,9C6,3.5,1,3,42.3208795,2.096240036,1253.267,
527,pb1522,NA,9,D,6,9D6,4,1,3,42.32089247,2.095950574,1245.275,
528,pb1561,NA,9,E,6,9.00E+06,4,1,3.5,42.32085742,2.095997566,1236.616,
529,pb1569,NA,9,F,6,9F6,4,1,3.5,42.32089373,2.095859661,1242.427,
530,pb1591,NA,9,G,6,9G6,4,1,3.5,42.32079992,2.095925541,1265.745,
531,pb1602,NA,9,H,6,9H6,3.5,1,3.5,42.32087891,2.096161095,1245.002,
532,pb1606,NA,9,A,7,9A7,3,1,3.5,42.32089895,2.096100501,1247.092,
533,pb1654,NA,10,E,5,1.00E+06,0.5,3,3,42.32516266,2.059239456,1248.646,
534,pb1656,NA,10,F,5,10F5,0.5,2.5,3,42.32508296,2.059361173,1245.128,
535,pb1658,NA,10,G,5,10G5,1,2.5,2,42.32509656,2.059305536,1247.819,
536,pb1662,NA,10,H,8,10H8,0.5,2.5,2.5,42.32457191,2.064556476,1221.949,pb1660 is missing
537,pb1662,NA,10,H,8,10H8,0.5,2.5,2.5,42.32463306,2.064224912,1221.99,pb1660 is missing
538,pb1664,NA,10,A,9,10A9,0.5,2.5,2.5,42.32466755,2.064088985,1224.761,
539,pb1665,NA,10,H,5,10H5,0.5,2.5,1,42.32514428,2.059267057,1243.958,
540,pb1672,NA,10,B,9,10B9,2,2.5,3.5,42.32459889,2.064406394,1222.161,
541,pb1677,NA,10,C,9,10C9,0.5,2.5,3,42.32439783,2.064983634,1226.229,
542,pb1681,NA,10,A,6,10A6,0.5,2.5,2.5,42.32520134,2.059169918,1247.496,
543,pb1682,NA,10,B,6,10B6,0.5,2.5,3,42.3251557,2.059142502,1247.496,
544,pb1684,NA,10,C,6,10C6,0.5,3,1,42.32518586,2.059172931,1247.863,
545,pb1686,NA,10,D,6,10D6,0.5,2.5,3,42.32518774,2.05909892,1248.135,
546,pb1687,NA,10,D,9,10D9,0.5,3,2.5,42.32458854,2.064561245,1219.88,
547,pb1691,NA,10,E,6,1.00E+07,0.5,2.5,1,42.32518451,2.059102976,1247.43,
548,pb1692,NA,10,F,6,10F6,0.5,3,1.5,42.32513385,2.059232728,1247.496,
549,pb1693,NA,10,E,9,1.00E+10,0.5,3,na,42.32463051,2.064171194,1224.683,
550,pb1694,NA,10,F,9,10F9,0.5,3,1,42.32440732,2.064983795,1238.736,
551,pb1695,NA,10,G,6,10G6,0.5,2.5,3,42.32516167,2.059086162,1246.33,
552,pb1697,NA,10,G,9,10G9,0.5,2.5,2.5,42.32454217,2.064636086,1223.45,
553,pb1699,1,10,H,6,10H6,0.5,3,1.5,42.32521083,2.059117883,1247.93,
554,pb1700,NA,10,A,7,10A7,0.5,2.5,2.5,42.32525688,2.059014276,1249.644,
555,pb1705,NA,9,C,11,9C11,4,1,3.5,42.32333453,2.084478765,1195.958,
556,pb1706,NA,9,D,11,9D11,3.5,1,3.5,42.3235928,2.084537526,1187.486,
557,pb1720,NA,9,E,11,9.00E+11,3.5,1,3.5,42.3235978,2.084537234,1187.461,
558,pb1824,NA,6,B,4,6B4,2.5,1,3.5,42.32312436,2.07631352,1173.534667,
559,pb1828,NA,6,E,4,6.00E+04,3.5,1,3,42.32355444,2.078987508,1180.189667,
560,pb1829,NA,6,F,4,6F4,4,1,3.5,42.32359406,2.079560687,1203.98,
561,pb1838,NA,6,D,5,6D5,3,1,3,42.32380185,2.081724741,1182.742333,
562,pb1839,NA,6,E,5,6.00E+05,0.5,2.5,3.5,42.32219185,2.072615099,1186.074,
563,pb1840,NA,6,F,5,6F5,4,1.5,3,42.32358033,2.079151326,1183.291333,
564,pb1843,NA,9,H,9,9H9,3.5,0.5,3.5,42.32202462,2.088601678,1208.161,
565,pb1844,NA,9,A,10,9A10,3.5,1,3.5,42.32196648,2.088824512,1200.741,
566,pb1846,NA,9,B,10,9B10,4,1,3.5,42.32196621,2.088746932,1197.994,
567,pb1847,NA,9,C,10,9C10,4.5,0.5,3,42.3219968,2.088621264,1211.373,
568,pb1848,NA,9,D,10,9D10,4,0.5,4,42.32204473,2.088525958,1205.144,
569,pb1850,NA,9,E,10,9.00E+10,4,1,3.5,42.32196476,2.088825218,1207.435,
570,pb1857,NA,9,F,11,9F11,3.5,2,3.5,42.32359202,2.084535193,1188.412,
571,pb1860,NA,9,F,10,9F10,4,1,3.5,42.32198133,2.088858775,1222.972,
572,pb1914,NA,9,G,10,9G10,3,1,3.5,42.32202158,2.088673987,1210.057,
573,pb1915,NA,10,B,12,10B12,3.5,1,3.5,42.32199582,2.088645272,1202.826,
574,pb1941,NA,6,G,5,6G5,3,1,4,42.32285969,2.075125526,1179.872667,
575,pb1945,NA,6,A,6,6A6,3,1,3.5,42.3238101,2.081720677,1181.9625,
576,pb1947,NA,6,C,6,6C6,3,0.5,3,42.32378618,2.08087376,1168.942667,
577,pb1948,NA,6,D,6,6D6,3.5,1,3.5,42.32368012,2.08036543,1189.166333,
578,pb1962,NA,6,H,6,6H6,4,1,3.5,42.32365784,2.080433179,1183.118333,
579,pb1965,NA,6,A,7,6A7,1.5,0.5,3.5,42.32365041,2.079823915,1210.368333,
580,pb2052,NA,6,B,7,6B7,0.5,2.5,1,42.32331596,2.068621259,1220.817333,
581,pb2182,NA,10,B,3,10B3,0.5,2.5,1.5,42.32553115,2.052283873,1287.349,
582,pb2190,NA,10,C,3,10C3,0.5,2.5,1.5,42.32548758,2.052242293,1284.645,
583,pb2191,NA,10,D,3,10D3,1.5,2.5,3.5,42.32550817,2.05230987,1283.208,
584,pb2194,NA,10,E,3,1.00E+04,0.5,2.5,2,42.3255347,2.052312032,1287.384,
585,pb2197,NA,10,F,3,10F3,0.5,2.5,1.5,42.32552377,2.052275717,1286.277,
586,pb2198,NA,10,G,3,10G3,1.5,2.5,2,42.32554562,2.052329439,1287.225,
587,pb2295,NA,10,B,7,10B7,0.5,2.5,2,42.32508626,2.059203408,1252.03,
588,pb2303,NA,10,H,3,10H3,0.5,3,1.5,42.32548032,2.052160212,1283.276,
589,pb2307,NA,10,A,4,10A4,4,1.5,3.5,42.32547321,2.052123617,1286.072,
590,pb2311,NA,10,B,4,10B4,0.5,2.5,1,42.32549875,2.052142628,1283.809,
591,pb2312,NA,10,C,4,10C4,4,0.5,3,42.32547761,2.052125427,1284.714,
592,pb2313,NA,10,D,4,10D4,0.5,2.5,2.5,42.32550618,2.052320601,1282.235,
593,pb2316,NA,10,E,4,1.00E+05,2.5,2,4,42.32548062,2.052179019,1283.711,
594,pb2318,NA,10,F,4,10F4,0.5,3,1.5,42.3254831,2.052141982,1284.566,
595,pb2319,NA,10,G,4,10G4,0.5,2.5,2.5,42.32550248,2.052315908,1282.62,
596,pb2320,NA,10,H,4,10H4,4,1,3,42.32549048,2.052167932,1286.015,
597,pb2327,1,6,D,7,6D7,0.5,2.5,1,42.32153273,2.071422857,1198.454,same ID recorded on multiple dates
598,pb2327,1,6,D,7,6D7,0.5,2.5,1,42.32152658,2.071394664,1192.311333,same ID recorded on multiple dates
599,pb2333,NA,6,E,7,6.00E+07,2,1,2.5,42.32338724,2.077412294,1197.424333,
600,pb2335,NA,6,F,7,6F7,1,2.5,2.5,42.32266237,2.074072521,1196.874667,
601,pb2337,NA,6,G,7,6G7,3.5,1,3,42.32358959,2.079692797,1206.162,
602,pb2340,NA,6,H,7,6H7,4,0.5,1,42.32362003,2.079387061,1211.692333,
603,pb2342,1,10,C,7,10C7,0.5,2.5,1,42.32514469,2.059098552,1246.601,
604,pb2352,NA,10,H,9,10H9,0.5,2.5,2.5,42.32448781,2.064800941,1228.765,
605,pb2360,NA,10,D,7,10D7,0.5,2.5,2.5,42.3251634,2.059045633,1246.757,
606,pb2401,NA,6,A,8,6A8,4,1,3,42.32264752,2.074099595,1196.586,
607,pb2408,NA,6,B,8,6B8,0.5,2.5,1.5,42.32249591,2.073624627,1196.135667,
608,pb2410,NA,10,A,10,10A10,0.5,2.5,2.5,42.32444555,2.064867149,1226.579,
609,pb2412,NA,6,C,8,6C8,3,1,3.5,42.32381535,2.080960314,1169.771333,
610,pb2413,NA,6,D,8,6D8,3,1,3.5,42.32361477,2.080238151,1184.016333,
611,pb2414,NA,10,B,10,10B10,0.5,2.5,2.5,42.32445152,2.064868778,1226.88,
612,pb2417,NA,10,C,10,10C10,0.5,2.5,1,42.3244385,2.064875024,1225.926,
613,pb2466,NA,6,E,8,6.00E+08,0.5,2.5,1.5,42.32161864,2.070655489,1210.585,
614,pb2524,NA,6,F,8,6F8,2,2.5,1,42.32365364,2.079766947,1189.549667,
615,pb2536,NA,6,G,8,6G8,2,1,3.5,42.32336969,2.077433575,1198.529,
616,pb2539,1,6,H,8,6H8,2.5,2,3,42.3221694,2.07266986,1206.475667,
617,pb2542,NA,6,A,9,6A9,3.5,0.5,3,42.32381812,2.0809871,1172.107,
618,pb2543,NA,6,B,9,6B9,4,2.5,1,42.32363247,2.079240886,1191.374333,
619,pb2547,NA,6,C,9,6C9,4,1,3.5,42.32357027,2.079011214,1183.594,
620,pb2551,1,6,E,9,6.00E+09,3,1.5,1.5,42.32342643,2.077841599,1195.117667,
621,pb2552,1,6,F,9,6F9,0.5,2,1,42.322537,2.073664667,1198.617333,
622,pb2555,NA,6,G,9,6G9,0.5,0.5,1,42.32311681,2.076566544,1210.435667,
623,pb2556,NA,6,H,9,6H9,3,1,3,42.32235927,2.073370674,1207.609667,
624,pb2557,NA,6,A,10,6A10,3,1,3.5,42.32210597,2.072637321,1198.973667,
625,pb2558,NA,6,B,10,6B10,3,2.5,3,42.32153319,2.071435152,1201.685667,same ID recorded on multiple dates
626,pb2558,NA,6,B,10,6B10,3,2.5,3,42.3215163,2.071429056,1190.989667,same ID recorded on multiple dates
627,pb2559,NA,6,C,10,6C10,3,1,3.5,42.32380846,2.080873263,1165.041,
628,pb2560,NA,6,D,10,6D10,3,0.5,3.5,42.32367392,2.080329207,1190.247667,
629,pb2595,NA,6,E,10,6.00E+10,4,0.5,3.5,42.32357135,2.078605149,1190.934667,
630,pb2750,NA,6,F,10,6F10,3.5,0.5,3,42.32350348,2.077835214,1184.138,
631,pb2757,NA,6,G,10,6G10,2.5,2,3,42.3228276,2.075076288,1202.854667,
632,pb2804,NA,6,H,10,6H10,0.5,2.5,0.5,42.32243949,2.07001475,1230.752,
633,pb2808,NA,6,A,11,6A11,3,1,3,42.32221666,2.07276846,1201.019667,
634,pb2820,NA,6,B,11,6B11,0.5,2.5,1.5,42.32246892,2.069974762,1224.403,
635,pb2862,NA,6,C,11,6C11,2.5,2.5,1.5,42.32176512,2.071736083,1189.663667,
636,pb2863,NA,6,D,11,6D11,2,2,3.5,42.32177184,2.071788613,1174.940333,
637,pb2864,NA,6,E,11,6.00E+11,3,0.5,2,42.32286907,2.075417251,1191.063,
638,pb2865,NA,6,F,11,6F11,0.5,2.5,2.5,42.3227628,2.069496319,1229.3,
639,pb2866,NA,6,G,11,6G11,3.5,0.5,3,42.32228375,2.073174938,1214.319333,
640,pb2867,1,6,H,11,6H11,3.5,0.5,3,42.32362074,2.079867654,1186.602,
641,pb2868,NA,6,A,12,6A12,2.5,2.5,3,42.32306535,2.076375847,1194.602,
642,pb2869,NA,6,B,12,6B12,3,1.5,1.5,42.32223713,2.07309792,1202.250333,
643,pb2871,NA,6,C,12,6C12,3.5,0.5,3.5,42.32370509,2.08167744,1186.752333,
644,pb2872,NA,6,D,12,6D12,2,1,2.5,42.3230306,2.076243597,1186.068667,
645,pb2873,NA,6,E,12,6.00E+12,0.5,2.5,1.5,42.32237098,2.073361274,1214.425333,
646,pb2874,NA,6,F,12,6F12,3,1.5,2.5,42.32369624,2.080887833,1187.699667,
647,pb2875,NA,6,G,12,6G12,2,1,3,42.32217836,2.07282133,1213.333333,
648,pb2877,NA,6,H,12,6H12,1,1,2,42.32224738,2.0730228,1184.139333,
649,pb2879,NA,7,A,1,7A1,3.5,2,3.5,42.32283211,2.07525003,1191.734667,
650,pb2880,NA,7,B,1,7B1,4,1,3.5,42.32362994,2.079333481,1186.731,
651,pb2906,NA,7,C,1,7C1,3.5,2.5,3.5,42.32230658,2.072785612,1172.309667,
652,pb2907,NA,7,D,1,7D1,3.5,0.5,3,42.32321789,2.076419637,1192.978667,
653,pb2910,NA,7,E,1,7.00E+01,1.5,2.5,2.5,42.32321948,2.076817653,1185.092667,
654,pb2911,NA,7,F,1,7F1,0.5,2.5,3.5,42.32266726,2.06885618,1206.429,
655,pb2912,NA,7,G,1,7G1,0.5,2.5,3,42.3226391,2.068871523,1205.558,
656,pb2914,NA,7,H,1,7H1,1,1,2,42.3228967,2.075512311,1177.713333,
657,pb2916,NA,7,A,2,7A2,2,2.5,2,42.32227432,2.072729611,1176.127667,
658,pb2917,NA,7,B,2,7B2,0.5,1.5,2.5,42.32221262,2.072652389,1188.831333,
659,pb2919,NA,7,C,2,7C2,2.5,1,4,42.32338217,2.068348713,1206.945,
660,pb2943,NA,9,B,7,9B7,3.5,1,3,42.3209266,2.096066838,1241.835,
661,pb2944,NA,9,C,7,9C7,3,1,3,42.32093029,2.096271479,1235.062,
662,pb2945,1,9,D,7,9D7,3.5,1,3.5,42.32093274,2.096062395,1239.497,
663,pb2946,NA,9,E,7,9.00E+07,3.5,0.5,3,42.32083578,2.095845166,1243.558,
664,pb2948,NA,9,F,7,9F7,3.5,0.5,3,42.32090666,2.096229451,1239.84,
665,pb3303,NA,9,G,11,9G11,3.5,0.5,3.5,42.32364664,2.08452066,1175.203,
666,pb3304,NA,9,H,11,9H11,4,0.5,3.5,42.32357553,2.084489877,1185.856,
667,pb3306,NA,9,A,12,9A12,4,0.5,3.5,42.32361664,2.084455884,1177.504,
668,pb3308,NA,9,B,12,9B12,3.5,0.5,3.5,42.32360373,2.084465906,1171.452,
669,pb3311,NA,9,C,12,9C12,3.5,1,3.5,42.32360231,2.084590324,1192.274,
670,pb3312,NA,9,D,12,9D12,3,0.5,4,42.32365563,2.08455237,1177.167,
671,pb3313,NA,9,E,12,9.00E+12,3.5,1,3,42.32360766,2.084581461,1192.219,
672,pb3316,NA,9,F,12,9F12,4,1,3,42.32366842,2.084529719,1174.497,
673,pb3317,NA,9,G,12,9G12,3.5,0.5,3,42.32362371,2.084583415,1187.099,
674,pb3318,NA,9,H,12,9H12,3,0.5,3.5,42.32359948,2.084514794,1181.734,
675,pb3320,NA,10,A,1,10A1,2,1,1,42.32367597,2.084541714,1174.538,
676,pb3343,NA,7,D,2,7D2,3,0.5,3.5,42.32276439,2.074604136,1204.844333,
677,pb3346,NA,7,E,2,7.00E+02,3.5,0.5,3,42.32212762,2.072575937,1201.802333,
678,pb3354,NA,7,F,2,7F2,0.5,2.5,3,42.32286208,2.075239492,1201.936333,
679,pb3355,NA,7,G,2,7G2,1,2.5,2,42.32155059,2.07087662,1205.37,
680,pb3356,NA,7,H,2,7H2,2.5,1.5,3.5,42.32277823,2.074567417,1201.493333,
681,pb3357,NA,7,A,3,7A3,3,0.5,2.5,42.32376043,2.081031043,1211.785333,
682,pb3363,NA,10,D,10,10D10,0.5,3,1,42.32456293,2.064359796,1226.977,
683,pb3368,NA,10,E,10,1.00E+11,1.5,3,1,42.32455837,2.064635377,1216.612,
684,pb3370,NA,10,F,10,10F10,0.5,1,2,42.32457333,2.06445932,1221.765,
685,pb3373,NA,10,G,10,10G10,0.5,2.5,1.5,42.32455022,2.064460053,1229.997,
686,pb3378,1,10,H,10,10H10,0.5,2.5,2.5,42.32453619,2.064464703,1233.273,
687,pb3382,1,10,E,7,1.00E+08,1.5,2.5,3,42.3251933,2.059161738,1246.836,
688,pb3386,NA,10,F,7,10F7,0.5,2.5,1,42.32523922,2.059030617,1247.482,
689,pb3388,NA,10,G,7,10G7,0.5,2.5,1.5,42.32519388,2.059162751,1249.975,
690,pb3391,NA,10,H,7,10H7,0.5,2.5,3,42.32514394,2.059344135,1249.381,
691,pb3393,NA,10,A,8,10A8,0.5,2,1,42.32523339,2.059050809,1247.006,
692,pb3400,NA,10,B,8,10B8,0.5,2,1,42.32523693,2.059030617,1248.164,
693,pb3403,NA,7,B,3,7B3,0.5,1,2.5,42.32351987,2.077625188,1168.738667,
694,pb3405,NA,7,C,3,7C3,2,2,2.5,42.32291828,2.069406798,1231.657667,
695,pb3407,NA,7,D,3,7D3,3,1.5,3,42.32373021,2.079865023,1194.208,
696,pb3408,NA,7,E,3,7.00E+03,3.5,2.5,3,42.32151196,2.07145943,1206.585,
697,pb3410,NA,7,G,3,7G3,3,2.5,3,42.32184546,2.072234136,1197.269,
698,pb3411,NA,7,H,3,7H3,3.5,2.5,3,42.32225862,2.07281625,1181.065,
699,pb3412,NA,7,A,4,7A4,0.5,1,1,42.32231231,2.073118877,1200.756,
700,pb3415,1,7,C,4,7C4,0.5,1,1.5,42.32199169,2.072491567,1195.335667,
701,pb3417,NA,7,D,4,7D4,0.5,2.5,1,42.32283602,2.075157221,1204.865,
702,pb3424,NA,10,A,11,10A11,1,2.5,2,42.32447574,2.06492511,1215.679,
703,pb3425,NA,10,B,11,10B11,0.5,2.5,1,42.32450778,2.064671167,1225.632,
704,pb3426,NA,10,C,11,10C11,0.5,2.5,3,42.32447642,2.064864445,1221.82,
705,pb3430,NA,10,F,12,10F12,1,2.5,3,42.32453266,2.064569167,1221.392,
706,pb3432,1,10,G,12,10G12,0.5,2.5,1,42.32448359,2.064860881,1216.624,
707,pb3434,NA,10,H,12,10H12,0.5,2.5,2.5,42.32454779,2.064536413,1219.895,
708,pb3489,NA,10,B,1,10B1,4,0.5,3,42.32352894,2.084614559,1185.099,
709,pb3490,NA,10,C,12,10C12,4,1,3.5,42.32197389,2.088848375,1205.715,
710,pb3497,NA,10,C,1,10C1,3.5,1,3,42.32350572,2.084627412,1190.053,
711,pb3675,NA,10,A,5,10A5,0.5,2.5,1,42.32550035,2.052315171,1284.418,
712,pb3677,NA,10,D,12,10D12,1,2.5,3,42.32543157,2.052029771,1284.009,
713,pb3824,NA,7,E,4,7.00E+04,0.5,3,2.5,42.32154656,2.071319133,1208.289,
714,pb3827,NA,7,G,4,7G4,0.5,2.5,3,42.32192985,2.072277883,1195.166333,
715,pb3829,NA,7,A,5,7A5,0.5,1,2.5,42.32286121,2.069503553,1229.657333,
716,pb3834,NA,7,B,5,7B5,3.5,1,3,42.32376417,2.081144247,1195.011333,
717,pb3836,NA,7,C,5,7C5,2.5,1,1,42.32265989,2.069756071,1225.48,
718,pb3837,NA,7,D,5,7D5,3,2.5,1.5,42.32220116,2.072784162,1208.948333,
719,pb3839,NA,7,F,5,7F5,3,0.5,3.5,42.32178345,2.071775371,1205.801667,
720,pb3845,NA,10,F,11,10F11,4,1,3,42.32905403,2.052610868,1525.345,
721,pb3850,NA,10,G,11,10G11,4,1,3.5,42.32906136,2.052612737,1525.272,
722,pb3882,NA,7,G,5,7G5,3,1.5,NA,42.32378403,2.081258473,1189.221333,
723,pb3885,1,7,H,5,7H5,0.5,2.5,1.5,42.32332881,2.076730664,1189.130333,
724,pb3886,NA,7,A,6,7A6,3.5,0.5,3.5,42.32371538,2.079908061,1201.664333,
725,pb3887,1,7,B,6,7B6,3.5,1,3.5,42.32354597,2.078891296,1187.604667,
726,pb3888,NA,7,C,6,7C6,2,2.5,3.5,42.32239341,2.073187103,1179.289,
727,pb3889,NA,7,D,6,7D6,4,1,3,42.32365927,2.079449052,1192.724333,
728,pb3890,NA,7,E,6,7.00E+06,2,2,3.5,42.32267585,2.069768125,1226.883,
729,pb3891,NA,7,F,6,7F6,0.5,2.5,3,42.32274867,2.074043805,1186.533,
730,pb3892,NA,7,G,6,7G6,0.5,2.5,1,42.33080727,2.069992522,1460.826,
731,pb3893,NA,7,H,6,7H6,3,2.5,3,42.32319599,2.076606872,1203.195,
732,pb3894,NA,7,A,7,7A7,1.5,0.5,3,42.32216692,2.072614988,1192.28,
733,pb3896,NA,7,B,7,7B7,0.5,0.5,3,42.32285123,2.068820475,1209.477,
734,pb3897,NA,7,C,7,7C7,0.5,2,3.5,42.32253067,2.07372168,1211.819,
735,pb3898,NA,7,D,7,7D7,0.5,2,2.5,42.32363819,2.080369774,1189.776667,
736,pb3899,NA,7,E,7,7.00E+07,3.5,0.5,3.5,42.32367354,2.079345836,1207.221,
737,pb4084,NA,7,F,7,7F7,1.5,1,2,42.32250116,2.07003979,1225.241,
738,pb4099,NA,7,G,7,7G7,1,2.5,1,42.32311101,2.068652214,1215.485667,
739,pb4102,NA,7,H,7,7H7,0.5,2.5,3,42.33078481,2.069594783,1462.955333,
740,pb4104,NA,7,A,8,7A8,0.5,0.5,2.5,42.32712434,2.076519576,1373.278333,
741,pb4108,NA,7,B,8,7B8,3.5,0.5,3,42.32348373,2.07766946,1190.174,
742,pb4113,NA,7,C,8,7C8,0.5,2.5,1.5,42.32221385,2.072788261,1204.657,
743,pb4116,NA,7,D,8,7D8,3.5,0.5,3.5,42.32354065,2.077291111,1155.105333,
744,pb4119,NA,7,E,8,7.00E+08,3.5,2,3,42.32223613,2.0727901,1193.415,
745,pb4144,NA,10,E,12,1.00E+13,0.5,2.5,1,42.32546653,2.052171629,1281.956,
746,pb4169,NA,10,D,1,10D1,4,1,3.5,42.32349888,2.084498008,1187.916,
747,pb4170,NA,10,E,1,1.00E+02,4,0.5,3.5,42.32356545,2.084616203,1192.511,
748,pb4180,NA,10,F,1,10F1,2,0.5,2,42.32351524,2.084468404,1187.813,
749,pb4214,NA,10,G,1,10G1,4,0.5,3.5,42.32346217,2.08460217,1193.633,
750,pb4285,NA,7,G,8,7G8,2,1,2,42.32254751,2.073955194,1226.032,
751,pb4289,1,7,A,9,7A9,3.5,1.5,3,42.32365989,2.079350934,1183.183333,
752,pb4290,NA,7,B,9,7B9,0.5,2,3,42.3226562,2.069799599,1225.655333,
753,pb4292,NA,7,C,9,7C9,0.5,2.5,2,42.32268428,2.075772587,1279.569333,
754,pb4293,NA,7,D,9,7D9,1,2.5,2,42.32296511,2.069359663,1226.814667,
755,pb4294,NA,7,E,9,7.00E+09,3.5,2.5,3,42.32365538,2.07926321,1189.786,
756,pb4295,NA,7,F,9,7F9,3,2.5,3,42.32181506,2.071782608,1186.211667,
757,pb4296,NA,7,G,9,7G9,3,1,3.5,42.32319146,2.076441341,1190.548667,
758,pb4297,NA,7,H,9,7H9,3.5,2.5,3,42.32270107,2.074656832,1233.954667,
759,pb4298,NA,7,A,10,7A10,0.5,3,1.5,42.32289567,2.069431213,1226.347667,
760,pb4299,NA,7,B,10,7B10,0.5,2,2,42.32189896,2.072178412,1186.231,
761,pb4300,NA,7,C,10,7C10,3.5,1,3,42.32363175,2.080267244,1196.250333,
762,pb4301,NA,7,D,10,7D10,0.5,2.5,1.5,42.32294666,2.075695609,1207.756667,
763,pb4303,NA,7,E,10,7.00E+10,2,2.5,3.5,42.32272885,2.074196071,1198.362333,
764,pb4306,NA,7,F,10,7F10,2.5,1,3.5,42.32368435,2.079464836,1183.308,
765,pb4308,1,7,G,10,7G10,3,0.5,3.5,42.32380759,2.081678933,1182.702667,
766,pb4310,NA,7,H,10,7H10,0.5,1,1.5,42.32176104,2.072010468,1199.399333,
767,pb4311,NA,7,A,11,7A11,2.5,1,3,42.32299875,2.07644609,1434.202667,
768,pb4313,NA,7,B,11,7B11,0.5,2.5,1.5,42.32255289,2.069987732,1230.153,
769,pb4314,NA,7,C,11,7C11,3,2.5,3.5,42.32217855,2.072694531,1191.931333,
770,pb4316,NA,7,E,11,7.00E+11,2,1,2,42.32287786,2.075715636,1196.361333,
771,pb4318,NA,7,F,11,7F11,2.5,1,3.5,42.32296171,2.075613979,1201.182333,
772,pb4319,1,7,G,11,7G11,2.5,1,3,42.32292441,2.0757097,1186.536333,
773,pb4324,NA,7,A,12,7A12,3.5,1.5,3.5,42.32250697,2.073781106,1201.268667,
774,pb4330,NA,7,C,12,7C12,0.5,2.5,3,42.32175797,2.07170655,1190.153333,
775,pb4331,NA,7,D,12,7D12,0.5,2,1.5,42.32166911,2.07073441,1184.08,
776,pb4561,NA,7,E,12,7.00E+12,0.5,2,1.5,42.32284019,2.069337205,1258.265667,
777,pb4562,NA,7,F,12,7F12,3,0.5,3,42.32364626,2.080414268,1189.753333,
778,pb4563,NA,7,G,12,7G12,0.5,1,1.5,42.32257557,2.070000085,1221.202667,
779,pb4565,NA,8,A,1,8A1,1.5,1.5,2,42.32218764,2.072884736,1200.420667,
780,pb4566,NA,8,B,1,8B1,2,2.5,2,42.32294002,2.075953033,1326.038,
781,pb4568,NA,8,D,1,8D1,0.5,1.5,1,42.32251758,2.07004363,1226.199667,
782,pb4572,NA,8,G,1,8G1,3.5,1.5,3,42.32667792,2.076264806,1374.572,
783,pb4574,NA,8,H,1,8H1,1,1,1.5,42.32362851,2.07915672,1195.444333,
784,pb4574,NA,8,H,1,8H1,0.5,3,1,42.32362851,2.07915672,1195.444333,
785,pb4575,NA,8,A,2,8A2,3,2.5,3.5,42.32268987,2.074270709,1211.574333,
786,pb4576,NA,8,B,2,8B2,1.5,2.5,2,42.32290509,2.075544007,1196.062667,
787,pb4578,NA,8,C,2,8C2,0.5,2.5,1.5,42.32265602,2.069789043,1228.045667,
788,pb4579,NA,8,D,2,8D2,3.5,2,3.5,42.32368767,2.079915945,1189.716,
789,pb4580,NA,8,E,2,8.00E+02,0.5,0.5,1.5,42.32252916,2.070043245,1214.181333,
790,pb4593,NA,10,H,1,10H1,3,1,3.5,42.32362885,2.084626177,1194.341,
791,pb4701,NA,8,F,2,8F2,3,0.5,3.5,42.32323534,2.076785827,1193.249333,
792,pb4702,NA,8,G,2,8G2,3,0.5,3.5,42.32233315,2.073363803,1197.254333,
793,pb4703,NA,8,H,2,8H2,3,1,1.5,42.32356245,2.079073785,1185.903333,
794,pb4704,NA,8,A,3,8A3,0.5,3,2,42.3221565,2.072731137,1201.720333,
795,pb4707,NA,8,C,3,8C3,0.5,2.5,2.5,42.3226484,2.074129997,1204.237,
796,pb4714,NA,8,D,3,8D3,3,1,3,42.32321358,2.076741255,1191.550667,
797,pb4715,NA,8,E,3,8.00E+03,3,0.5,3.5,42.32373181,2.08096984,1193.395,
798,pb4716,NA,8,F,3,8F3,0.5,2.5,0.5,42.32320356,2.068671522,1215.972667,
799,pb4717,NA,8,G,3,8G3,2,1,2,42.32288798,2.075463223,1203.674,
800,pb4718,1,8,H,3,8H3,1.5,1,1.5,42.32278103,2.075088969,1196.273667,
801,pb4842,NA,8,B,4,8B4,0.5,2.5,3,42.32286483,2.06950149,1228.383667,
802,pb4843,NA,8,C,4,8C4,0.5,0.5,2.5,42.32249289,2.070003359,1225.782,
803,pb4844,NA,8,D,4,8D4,3.5,2.5,3.5,42.323407,2.078158401,1293.745333,
804,pb4845,NA,8,E,4,8.00E+04,2,0.5,1.5,42.32363991,2.079846515,1184.747,
805,pb4847,NA,8,F,4,8F4,4.5,1,3,42.32213774,2.072697593,1206.195,
806,pb4848,NA,8,G,4,8G4,3.5,2.5,3.5,42.32189116,2.072146187,1203.846667,
807,pb4850,NA,8,H,4,8H4,2.5,0.5,1.5,42.32294318,2.075608161,1216.001333,
808,pb4857,NA,8,A,5,8A5,3,1,3,42.32317596,2.076605712,1212.026,
809,pb4858,NA,8,B,5,8B5,3.5,0.5,3,42.32379004,2.081083449,1188.515,
810,pb4859,NA,8,C,5,8C5,1.5,1,3,42.3228866,2.075320751,1193.810333,
811,y2016,NA,8,E,5,8.00E+05,2,0.5,1.5,42.32361473,2.079227595,1186.230667,
812,y208,NA,8,F,5,8F5,4,1,3,42.32273138,2.074422663,1203.64,
813,z0040,NA,8,G,5,8G5,1.5,2.5,2,42.3229339,2.075652377,1189.529,
814,z0219,NA,8,A,6,8A6,0.5,1,1.5,42.32273657,2.074205092,1197.41,
815,z0455,NA,8,C,6,8C6,1.5,2.5,3.5,42.32224291,2.073061018,1209.987,
816,z0464,NA,8,D,6,8D6,1.5,2,3,42.32217714,2.072729395,1199.385667,
817,z0466,NA,8,E,6,8.00E+06,3.5,2.5,3,42.32217336,2.072683069,1200.988,
818,z0474,NA,8,F,6,8F6,3.5,1,3.5,42.32211227,2.072670571,1213.5865,
819,z0491,NA,8,G,6,8G6,1.5,2.5,3,42.32324456,2.076742352,1198.432,
820,z0511,NA,8,H,6,8H6,4,2.5,3.5,42.32346127,2.077703112,1187.495,
821,z0573,NA,8,B,7,8B7,3.5,1.5,4,42.32364723,2.08028058,1185.316333,
822,z1066,NA,8,F,7,8F7,0.5,2.5,2.5,42.32189399,2.072336092,1204.811333,
823,z1071,NA,8,G,7,8G7,1.5,1.5,2.5,42.32220956,2.072789631,1199.858333,
824,z1079,NA,8,H,7,8H7,3,1,3.5,42.32208116,2.072641726,1216.0845,
825,z1621,NA,8,B,8,8B8,1.5,2.5,4,42.32280868,2.074776073,1195.752,
826,z2983,NA,8,F,8,8F8,2.5,1.5,1.5,42.32294103,2.075496843,1200.838,
827,z4584,NA,8,G,8,8G8,3.5,2.5,3,42.32274279,2.074469715,1210.199,